column_name,role,exclusion_reason,duplicate_of
frame,metadata,,
sim_time,metadata,,
/position[0]/longitude-deg[0],derived_feature_source,,
/position[0]/latitude-deg[0],derived_feature_source,,
/orientation[0]/beta-deg[0],excluded,constant_or_not_applicable_to_c172p,
/velocities[0]/mach[0],excluded,not_in_v1_feature_schema_sections14_15,
/velocities[0]/speed-north-fps[0],excluded,not_in_v1_feature_schema_sections14_15,
/velocities[0]/speed-east-fps[0],excluded,not_in_v1_feature_schema_sections14_15,
/velocities[0]/speed-down-fps[0],excluded,duplicate_unit_or_exact,/velocities[0]/vertical-speed-fps[0]
/velocities[0]/uBody-fps[0],excluded,not_in_v1_feature_schema_sections14_15,
/velocities[0]/wBody-fps[0],excluded,not_in_v1_feature_schema_sections14_15,
/accelerations[0]/pilot[0]/x-accel-fps_sec[0],excluded,not_in_v1_feature_schema_sections14_15,
/accelerations[0]/pilot[0]/y-accel-fps_sec[0],excluded,not_in_v1_feature_schema_sections14_15,
/accelerations[0]/pilot[0]/z-accel-fps_sec[0],excluded,not_in_v1_feature_schema_sections14_15,
/instrumentation[0]/slip-skid-ball[0]/indicated-slip-skid[0],qa_only,,
/position[0]/ground-elev-m[0],qa_only,,
/controls[0]/flight[0]/aileron-trim[0],qa_only,,
/controls[0]/flight[0]/elevator-trim[0],derived_feature_source,,
/controls[0]/flight[0]/rudder-trim[0],qa_only,,
/controls[0]/flight[0]/speedbrake[0],excluded,constant_or_not_applicable_to_c172p,
/controls[0]/flight[0]/spoilers[0],excluded,constant_or_not_applicable_to_c172p,
/controls[0]/gear[0]/brake-left[0],excluded,forbidden_input_family_section10,
/controls[0]/gear[0]/brake-right[0],excluded,forbidden_input_family_section10,
/controls[0]/gear[0]/copilot-brake-left[0],excluded,constant_or_not_applicable_to_c172p,
/controls[0]/gear[0]/copilot-brake-right[0],excluded,constant_or_not_applicable_to_c172p,
/controls[0]/gear[0]/brake-parking[0],excluded,constant_or_not_applicable_to_c172p,
/environment[0]/wind-speed-kt[0],qa_only,,
/environment[0]/wind-from-heading-deg[0],qa_only,,
/environment[0]/turbulence[0]/magnitude-norm[0],qa_only,,
/environment[0]/temperature-degc[0],qa_only,,
/environment[0]/pressure-sea-level-inhg[0],qa_only,,
/environment[0]/magnetic-variation-deg[0],qa_only,,
/environment[0]/visibility-m[0],qa_only,,
/surface-positions[0]/elevator-pos-norm[0],qa_only,,
/surface-positions[0]/flap-pos-norm[0],qa_only,,
/surface-positions[0]/left-aileron-pos-norm[0],qa_only,,
/surface-positions[0]/right-aileron-pos-norm[0],excluded,duplicate_unit_or_exact,/surface-positions[0]/left-aileron-pos-norm[0]
/surface-positions[0]/rudder-pos-norm[0],qa_only,,
/sim[0]/model[0]/c172p[0]/cockpit[0]/yoke-aileron[0],qa_only,,
/sim[0]/model[0]/c172p[0]/cockpit[0]/yoke-elevator[0],qa_only,,
/sim[0]/model[0]/c172p[0]/cockpit[0]/pedals-rudder[0],qa_only,,
/sim[0]/model[0]/c172p[0]/cockpit[0]/flaps-lever[0],qa_only,,
/sim[0]/model[0]/c172p[0]/cockpit[0]/parking-lever[0],excluded,constant_or_not_applicable_to_c172p,
/gear[0]/gear[0]/steering-norm[0],excluded,forbidden_input_family_section10,
/gear[0]/gear[1]/steering-norm[0],excluded,constant_or_not_applicable_to_c172p,
/gear[0]/gear[2]/steering-norm[0],excluded,constant_or_not_applicable_to_c172p,
/gear[0]/gear[0]/compression-norm[0],flight_manager_only,,
/gear[0]/gear[1]/compression-norm[0],flight_manager_only,,
/gear[0]/gear[2]/compression-norm[0],flight_manager_only,,
/gear[0]/gear[0]/rollspeed-ms[0],flight_manager_only,,
/gear[0]/gear[1]/rollspeed-ms[0],flight_manager_only,,
/gear[0]/gear[2]/rollspeed-ms[0],flight_manager_only,,
/consumables[0]/fuel[0]/tank[0]/level-gal_us[0],excluded,forbidden_input_family_section10,
/consumables[0]/fuel[0]/tank[1]/level-gal_us[0],excluded,duplicate_unit_or_exact,/consumables[0]/fuel[0]/tank[0]/level-gal_us[0]
/consumables[0]/fuel[0]/tank[2]/level-gal_us[0],excluded,constant_or_not_applicable_to_c172p,
/controls[0]/engines[0]/engine[1]/throttle[0],excluded,duplicate_unit_or_exact,/controls[0]/engines[0]/engine[0]/throttle[0]
/controls[0]/engines[0]/current-engine[0]/mixture[0],excluded,not_in_v1_feature_schema_sections14_15,
/engines[0]/active-engine[0]/rpm[0],excluded,forbidden_input_family_section10,
/engines[0]/active-engine[0]/mp-osi[0],excluded,forbidden_input_family_section10,
/engines[0]/active-engine[0]/egt-norm[0],excluded,forbidden_input_family_section10,
/engines[0]/active-engine[0]/oil-temperature-degf[0],excluded,forbidden_input_family_section10,
/engines[0]/active-engine[0]/oil-pressure-psi[0],excluded,forbidden_input_family_section10,
/fdm[0]/jsbsim[0]/fcs[0]/steer-pos-deg[0],excluded,not_in_v1_feature_schema_sections14_15,
/gear[0]/gear[19]/compression-norm[0],excluded,forbidden_input_family_section10,
/gear[0]/gear[19]/position-norm[0],excluded,constant_or_not_applicable_to_c172p,
/gear[0]/gear[19]/rollspeed-ms[0],excluded,forbidden_input_family_section10,
/gear[0]/gear[20]/compression-norm[0],excluded,forbidden_input_family_section10,
/gear[0]/gear[20]/position-norm[0],excluded,constant_or_not_applicable_to_c172p,
/gear[0]/gear[20]/rollspeed-ms[0],excluded,forbidden_input_family_section10,
/gear[0]/gear[21]/compression-norm[0],excluded,forbidden_input_family_section10,
/gear[0]/gear[21]/position-norm[0],excluded,constant_or_not_applicable_to_c172p,
/gear[0]/gear[21]/rollspeed-ms[0],excluded,forbidden_input_family_section10,
/gear[0]/gear[22]/compression-norm[0],excluded,constant_or_not_applicable_to_c172p,
/gear[0]/gear[22]/position-norm[0],excluded,constant_or_not_applicable_to_c172p,
/gear[0]/gear[22]/rollspeed-ms[0],excluded,constant_or_not_applicable_to_c172p,
/controls[0]/gear[0]/water-rudder-down-actual[0],excluded,constant_or_not_applicable_to_c172p,
/engines[0]/engine[7]/rpm[0],excluded,duplicate_unit_or_exact,/gear[0]/gear[0]/rollspeed-ms[0]
/engines[0]/engine[7]/n1[0],excluded,duplicate_unit_or_exact,/gear[0]/gear[1]/rollspeed-ms[0]
/engines[0]/engine[7]/n2[0],excluded,duplicate_unit_or_exact,/gear[0]/gear[2]/rollspeed-ms[0]
/rotors[0]/main[0]/blade[0]/position-deg[0],excluded,constant_or_not_applicable_to_c172p,
/rotors[0]/main[0]/blade[1]/position-deg[0],excluded,not_in_v1_feature_schema_sections14_15,
/rotors[0]/main[0]/blade[2]/position-deg[0],excluded,constant_or_not_applicable_to_c172p,
/fdm[0]/jsbsim[0]/ski[0]/atan-actual[0],excluded,not_in_v1_feature_schema_sections14_15,
/fdm[0]/jsbsim[0]/gear[0]/unit[23]/z-position[0],excluded,constant_or_not_applicable_to_c172p,
/fdm[0]/jsbsim[0]/gear[0]/unit[24]/z-position[0],excluded,constant_or_not_applicable_to_c172p,
/fdm[0]/jsbsim[0]/gear[0]/unit[25]/z-position[0],excluded,constant_or_not_applicable_to_c172p,
/fdm[0]/jsbsim[0]/contact[0]/unit[4]/z-position[0],excluded,not_in_v1_feature_schema_sections14_15,
/fdm[0]/jsbsim[0]/contact[0]/unit[5]/z-position[0],excluded,duplicate_unit_or_exact,/fdm[0]/jsbsim[0]/contact[0]/unit[4]/z-position[0]
/fdm[0]/jsbsim[0]/wing-damage[0]/left-wing[0],excluded,forbidden_input_family_section10,
/fdm[0]/jsbsim[0]/wing-damage[0]/right-wing[0],excluded,forbidden_input_family_section10,
/velocities[0]/groundspeed-kt[0],flight_manager_only,,
/environment[0]/aircraft-effects[0]/fog-level[0],excluded,constant_or_not_applicable_to_c172p,
/environment[0]/aircraft-effects[0]/frost-level[0],excluded,constant_or_not_applicable_to_c172p,
/fdm[0]/jsbsim[0]/ground[0]/nose-gear-ground-effect-speed-kt-actual[0],excluded,constant_or_not_applicable_to_c172p,
/fdm[0]/jsbsim[0]/ground[0]/left-gear-ground-effect-speed-kt-actual[0],excluded,constant_or_not_applicable_to_c172p,
/fdm[0]/jsbsim[0]/ground[0]/right-gear-ground-effect-speed-kt-actual[0],excluded,constant_or_not_applicable_to_c172p,
/fdm[0]/jsbsim[0]/ground[0]/left-wing-ground-effect-speed-kt-actual[0],excluded,constant_or_not_applicable_to_c172p,
/fdm[0]/jsbsim[0]/ground[0]/right-wing-ground-effect-speed-kt-actual[0],excluded,not_in_v1_feature_schema_sections14_15,
/fdm[0]/jsbsim[0]/ground[0]/tail-ground-effect-speed-kt-actual[0],excluded,not_in_v1_feature_schema_sections14_15,
/fdm[0]/jsbsim[0]/ground[0]/nose-tyre-smoke-ground-effect-speed-kt-actual[0],excluded,not_in_v1_feature_schema_sections14_15,
/fdm[0]/jsbsim[0]/ground[0]/left-tyre-smoke-ground-effect-speed-kt-actual[0],excluded,not_in_v1_feature_schema_sections14_15,
/fdm[0]/jsbsim[0]/ground[0]/right-tyre-smoke-ground-effect-speed-kt-actual[0],excluded,not_in_v1_feature_schema_sections14_15,
/fdm[0]/jsbsim[0]/hydro[0]/left-ground-effect-speed-kt-actual[0],excluded,constant_or_not_applicable_to_c172p,
/fdm[0]/jsbsim[0]/hydro[0]/right-ground-effect-speed-kt-actual[0],excluded,constant_or_not_applicable_to_c172p,
/fdm[0]/jsbsim[0]/hydro[0]/spray-wake-speed-kt-actual[0],excluded,constant_or_not_applicable_to_c172p,
/position[0]/altitude-agl-m[0],excluded,duplicate_unit_or_exact,/position[0]/altitude-agl-ft[0]
/systems[0]/vacuum[0]/suction-inhg[0],excluded,forbidden_input_family_section10,
/systems[0]/static[0]/pressure-inhg[0],excluded,forbidden_input_family_section10,
/systems[0]/pitot[0]/measured-total-pressure-inhg[0],excluded,forbidden_input_family_section10,
/systems[0]/electrical[0]/battery-charge-percent[0],excluded,forbidden_input_family_section10,
/fdm[0]/jsbsim[0]/velocities[0]/vias-kts[0],qa_only,,
/instrumentation[0]/attitude-indicator[0]/spin[0],excluded,forbidden_input_family_section10,
/instrumentation[0]/attitude-indicator[0]/horizon-offset-deg[0],excluded,constant_or_not_applicable_to_c172p,
/instrumentation[0]/heading-indicator[0]/spin[0],excluded,forbidden_input_family_section10,
/instrumentation[0]/heading-indicator[0]/offset-deg[0],excluded,forbidden_input_family_section10,
/autopilot[0]/settings[0]/heading-bug-deg[0],excluded,constant_or_not_applicable_to_c172p,
/instrumentation[0]/magnetic-compass[0]/indicated-heading-deg[0],excluded,forbidden_input_family_section10,
/instrumentation[0]/altimeter[0]/setting-inhg[0],excluded,forbidden_input_family_section10,
/instrumentation[0]/nav[0]/radials[0]/selected-deg[0],excluded,constant_or_not_applicable_to_c172p,
/instrumentation[0]/nav[1]/radials[0]/selected-deg[0],excluded,constant_or_not_applicable_to_c172p,
/instrumentation[0]/adf[0]/rotation-deg[0],excluded,constant_or_not_applicable_to_c172p,
/engines[0]/engine[0]/egt-bug-norm[0],excluded,constant_or_not_applicable_to_c172p,
/fdm[0]/jsbsim[0]/sounds[0]/stall-horn-volume-actual[0],excluded,not_in_v1_feature_schema_sections14_15,
/fdm[0]/jsbsim[0]/sounds[0]/stall-horn-pitch-actual[0],excluded,not_in_v1_feature_schema_sections14_15,
/environment[0]/aircraft-effects[0]/cabin-heat-set[0],excluded,constant_or_not_applicable_to_c172p,
/environment[0]/aircraft-effects[0]/cabin-air-set[0],excluded,constant_or_not_applicable_to_c172p,
/fdm[0]/jsbsim[0]/inertia[0]/pointmass-weight-lbs[0],excluded,constant_or_not_applicable_to_c172p,
/fdm[0]/jsbsim[0]/inertia[0]/pointmass-weight-lbs[1],excluded,constant_or_not_applicable_to_c172p,
/fdm[0]/jsbsim[0]/inertia[0]/pointmass-weight-lbs[2],excluded,constant_or_not_applicable_to_c172p,
/fdm[0]/jsbsim[0]/inertia[0]/pointmass-weight-lbs[3],excluded,constant_or_not_applicable_to_c172p,
/fdm[0]/jsbsim[0]/inertia[0]/pointmass-weight-lbs[4],excluded,constant_or_not_applicable_to_c172p,
/controls[0]/lighting[0]/instruments-norm[0],excluded,constant_or_not_applicable_to_c172p,
/controls[0]/lighting[0]/radio-norm[0],excluded,constant_or_not_applicable_to_c172p,
/controls[0]/lighting[0]/dome-white-norm[0],excluded,constant_or_not_applicable_to_c172p,
/controls[0]/lighting[0]/gps-norm[0],excluded,constant_or_not_applicable_to_c172p,
/controls[0]/switches[0]/stby-batt[0],excluded,constant_or_not_applicable_to_c172p,
/controls[0]/lighting[0]/batt-test-lamp-norm[0],excluded,constant_or_not_applicable_to_c172p,
/controls[0]/lighting[0]/avionics-norm[0],excluded,constant_or_not_applicable_to_c172p,
/controls[0]/lighting[0]/pedestal-norm[0],excluded,constant_or_not_applicable_to_c172p,
/controls[0]/lighting[0]/swcb-norm[0],excluded,constant_or_not_applicable_to_c172p,
/controls[0]/lighting[0]/stby-norm[0],excluded,constant_or_not_applicable_to_c172p,
/controls[0]/lighting[0]/domeL-norm[0],excluded,constant_or_not_applicable_to_c172p,
/controls[0]/lighting[0]/domeR-norm[0],excluded,constant_or_not_applicable_to_c172p,
/instrumentation[0]/FG1000[0]/Lightmap[0],excluded,constant_or_not_applicable_to_c172p,
/sim[0]/model[0]/door-positions[0]/rightDoor[0]/position-norm[0],excluded,constant_or_not_applicable_to_c172p,
/sim[0]/model[0]/door-positions[0]/leftDoor[0]/position-norm[0],excluded,constant_or_not_applicable_to_c172p,
/sim[0]/model[0]/door-positions[0]/baggageDoor[0]/position-norm[0],excluded,constant_or_not_applicable_to_c172p,
/sim[0]/model[0]/door-positions[0]/leftWindow[0]/position-norm[0],excluded,constant_or_not_applicable_to_c172p,
/sim[0]/model[0]/door-positions[0]/rightWindow[0]/position-norm[0],excluded,constant_or_not_applicable_to_c172p,
/controls[0]/engines[0]/active-engine[0],excluded,constant_or_not_applicable_to_c172p,
/fdm[0]/jsbsim[0]/fuel[0]/tank[0],excluded,constant_or_not_applicable_to_c172p,
/fdm[0]/jsbsim[0]/pontoon-damage[0]/left-pontoon[0],excluded,constant_or_not_applicable_to_c172p,
/fdm[0]/jsbsim[0]/pontoon-damage[0]/right-pontoon[0],excluded,constant_or_not_applicable_to_c172p,
/fdm[0]/jsbsim[0]/bushkit[0],excluded,constant_or_not_applicable_to_c172p,
/controls[0]/switches[0]/magnetos[0],excluded,constant_or_not_applicable_to_c172p,
/sim[0]/alarms[0]/stall-warning[0],excluded,forbidden_input_family_section10,
/controls[0]/gear[0]/gear-down[0],flight_manager_only,,
/controls[0]/switches[0]/master-avionics[0],excluded,constant_or_not_applicable_to_c172p,
/hazards[0]/icing[0]/wing[0],excluded,constant_or_not_applicable_to_c172p,
/gear[0]/gear[0]/wow[0],flight_manager_only,,
/gear[0]/gear[1]/wow[0],flight_manager_only,,
/gear[0]/gear[2]/wow[0],flight_manager_only,,
/controls[0]/flight[0]/flaps-serviceable[0],excluded,constant_or_not_applicable_to_c172p,
/controls[0]/engines[0]/engine[0]/faults[0]/serviceable[0],excluded,constant_or_not_applicable_to_c172p,
/controls[0]/engines[0]/engine[0]/faults[0]/left-magneto-serviceable[0],excluded,constant_or_not_applicable_to_c172p,
/controls[0]/engines[0]/engine[0]/faults[0]/right-magneto-serviceable[0],excluded,constant_or_not_applicable_to_c172p,
/controls[0]/engines[0]/engine[0]/faults[0]/spark-plugs-serviceable[0],excluded,constant_or_not_applicable_to_c172p,
/controls[0]/engines[0]/engine[0]/faults[0]/oil-pressure-status[0],excluded,constant_or_not_applicable_to_c172p,
/controls[0]/engines[0]/engine[0]/faults[0]/fuel-pump-serviceable[0],excluded,constant_or_not_applicable_to_c172p,
/controls[0]/fuel[0]/tank[0]/fuel_selector[0],excluded,constant_or_not_applicable_to_c172p,
/controls[0]/fuel[0]/tank[1]/fuel_selector[0],excluded,constant_or_not_applicable_to_c172p,
/controls[0]/fuel[0]/tank[2]/fuel_selector[0],excluded,constant_or_not_applicable_to_c172p,
/engines[0]/active-engine[0]/exhaust[0],excluded,forbidden_input_family_section10,
/engines[0]/active-engine[0]/cranking[0],excluded,forbidden_input_family_section10,
/engines[0]/active-engine[0]/running[0],excluded,not_in_v1_feature_schema_sections14_15,
/engines[0]/active-engine[0]/crash-engine[0],excluded,constant_or_not_applicable_to_c172p,
/engines[0]/active-engine[0]/kill-engine[0],excluded,constant_or_not_applicable_to_c172p,
/engines[0]/active-engine[0]/killed[0],excluded,constant_or_not_applicable_to_c172p,
/engines[0]/active-engine[0]/crashed[0],excluded,constant_or_not_applicable_to_c172p,
/engines[0]/active-engine[0]/coughing[0],excluded,constant_or_not_applicable_to_c172p,
/controls[0]/engines[0]/current-engine[0]/carb-heat[0],excluded,constant_or_not_applicable_to_c172p,
/fdm[0]/jsbsim[0]/gear[0]/unit[23]/WOW[0],excluded,constant_or_not_applicable_to_c172p,
/fdm[0]/jsbsim[0]/gear[0]/unit[24]/WOW[0],excluded,not_in_v1_feature_schema_sections14_15,
/fdm[0]/jsbsim[0]/gear[0]/unit[25]/WOW[0],excluded,constant_or_not_applicable_to_c172p,
/fdm[0]/jsbsim[0]/gear[0]/unit[0]/broken[0],excluded,constant_or_not_applicable_to_c172p,
/fdm[0]/jsbsim[0]/gear[0]/unit[1]/broken[0],excluded,not_in_v1_feature_schema_sections14_15,
/fdm[0]/jsbsim[0]/gear[0]/unit[2]/broken[0],excluded,constant_or_not_applicable_to_c172p,
/fdm[0]/jsbsim[0]/crash[0],excluded,constant_or_not_applicable_to_c172p,
/fdm[0]/jsbsim[0]/contact[0]/unit[3]/WOW[0],excluded,not_in_v1_feature_schema_sections14_15,
/fdm[0]/jsbsim[0]/contact[0]/unit[6]/WOW[0],excluded,constant_or_not_applicable_to_c172p,
/fdm[0]/jsbsim[0]/contact[0]/unit[7]/WOW[0],excluded,not_in_v1_feature_schema_sections14_15,
/fdm[0]/jsbsim[0]/contact[0]/unit[8]/WOW[0],excluded,constant_or_not_applicable_to_c172p,
/sim[0]/model[0]/c172p[0]/cabin-air-temp-in-range[0],excluded,constant_or_not_applicable_to_c172p,
/sim[0]/model[0]/c172p[0]/fog-or-frost-increasing[0],excluded,constant_or_not_applicable_to_c172p,
/controls[0]/panel[0]/glass[0],excluded,constant_or_not_applicable_to_c172p,
/controls[0]/panel[0]/kap140[0],excluded,constant_or_not_applicable_to_c172p,
/instrumentation[0]/attitude-indicator[0]/caged-flag[0],excluded,constant_or_not_applicable_to_c172p,
/controls[0]/engines[0]/engine[0]/primer-lever[0],excluded,constant_or_not_applicable_to_c172p,
/controls[0]/switches[0]/starter[0],excluded,forbidden_input_family_section10,
/controls[0]/switches[0]/master-bat[0],excluded,constant_or_not_applicable_to_c172p,
/controls[0]/switches[0]/master-alt[0],excluded,constant_or_not_applicable_to_c172p,
/controls[0]/switches[0]/dome-white[0],excluded,constant_or_not_applicable_to_c172p,
/controls[0]/switches[0]/dome-red[0],excluded,constant_or_not_applicable_to_c172p,
/controls[0]/anti-ice[0]/pitot-heat[0],excluded,constant_or_not_applicable_to_c172p,
/consumables[0]/fuel[0]/tank[0]/selected[0],excluded,constant_or_not_applicable_to_c172p,
/consumables[0]/fuel[0]/tank[1]/selected[0],excluded,constant_or_not_applicable_to_c172p,
/consumables[0]/fuel[0]/tank[2]/selected[0],excluded,constant_or_not_applicable_to_c172p,
/consumables[0]/fuel[0]/tank[3]/selected[0],excluded,constant_or_not_applicable_to_c172p,
/controls[0]/lighting[0]/nav-lights[0],excluded,constant_or_not_applicable_to_c172p,
/controls[0]/lighting[0]/beacon[0],excluded,constant_or_not_applicable_to_c172p,
/controls[0]/lighting[0]/strobe[0],excluded,constant_or_not_applicable_to_c172p,
/controls[0]/lighting[0]/landing-lights[0],excluded,constant_or_not_applicable_to_c172p,
/controls[0]/lighting[0]/taxi-light[0],excluded,constant_or_not_applicable_to_c172p,
/controls[0]/circuit-breakers[0]/autopilot[0],excluded,constant_or_not_applicable_to_c172p,
/controls[0]/circuit-breakers[0]/bcnlt[0],excluded,constant_or_not_applicable_to_c172p,
/controls[0]/circuit-breakers[0]/flaps[0],excluded,constant_or_not_applicable_to_c172p,
/controls[0]/circuit-breakers[0]/instr[0],excluded,constant_or_not_applicable_to_c172p,
/controls[0]/circuit-breakers[0]/intlt[0],excluded,constant_or_not_applicable_to_c172p,
/controls[0]/circuit-breakers[0]/landing[0],excluded,constant_or_not_applicable_to_c172p,
/controls[0]/circuit-breakers[0]/master[0],excluded,constant_or_not_applicable_to_c172p,
/controls[0]/circuit-breakers[0]/navlt[0],excluded,constant_or_not_applicable_to_c172p,
/controls[0]/circuit-breakers[0]/pitot-heat[0],excluded,constant_or_not_applicable_to_c172p,
/controls[0]/circuit-breakers[0]/radio1[0],excluded,constant_or_not_applicable_to_c172p,
/controls[0]/circuit-breakers[0]/radio2[0],excluded,constant_or_not_applicable_to_c172p,
/controls[0]/circuit-breakers[0]/radio3[0],excluded,constant_or_not_applicable_to_c172p,
/controls[0]/circuit-breakers[0]/radio4[0],excluded,constant_or_not_applicable_to_c172p,
/controls[0]/circuit-breakers[0]/radio5[0],excluded,constant_or_not_applicable_to_c172p,
/controls[0]/circuit-breakers[0]/strobe[0],excluded,constant_or_not_applicable_to_c172p,
/controls[0]/circuit-breakers[0]/turn-coordinator[0],excluded,constant_or_not_applicable_to_c172p,
